Nombre_2,Apellido_2,CUI_2,AbreviacionInstitucion_2,TipoCuenta_2,Nombre_1,Apellido_1,CUI_1,AbreviacionInstitucion_1,TipoCuenta_1,MontoTransferencia,FechaTransferencia,tipo_operacion
Nelia,Hathway,1962610551,BI,Monetaria en $,Abigale,Crann,1187255777,BI,Ahorro,7822,2020-03-20 16:10:15,credito
Carmita,Hiscoke,8640571546,BAM,Monetaria en Q,Abigale,Crann,1187255777,BI,Ahorro,7176,2021-01-07 17:31:26,credito
Daffy,Marages,2720935689,Promerica,Monetaria en Q,Abigale,Crann,1187255777,BI,Ahorro,9920,2020-12-22 08:46:01,credito
Joelynn,De Gregoli,9835876975,Promerica,Ahorro,Abigale,Crann,1187255777,BAM,Monetaria en $,6296,2020-04-28 10:56:22,credito
Deni,Tarn,6467582497,BANRURAL,Monetaria en $,Alexander,Amor,7361225500,Promerica,Ahorro,9703,2020-05-09 19:47:21,credito
Horatia,Brumpton,1653130695,G&T,Monetaria en Q,Alexander,Amor,7361225500,Promerica,Ahorro,4550,2021-01-28 18:26:16,credito
Gracia,Burchill,5981356200,BANRURAL,Monetaria en $,Alexander,Amor,7361225500,Promerica,Ahorro,7075,2020-03-13 14:48:06,credito
Giordano,Rimington,270162925,BANRURAL,Ahorro,Alexander,Amor,7361225500,Promerica,Ahorro,8540,2020-09-18 15:08:25,credito
Nelia,Hathway,1962610551,G&T,Monetaria en Q,Alexander,Amor,7361225500,Promerica,Ahorro,8030,2020-12-15 17:00:58,credito
Koressa,Knowler,7737952055,Promerica,Ahorro,Alexander,Amor,7361225500,Promerica,Ahorro,3158,2021-01-01 20:57:02,credito
Ardys,Cave,3418211453,Promerica,Ahorro,Alfie,Castellaccio,2344960856,BAM,Monetaria en Q,9717,2020-08-18 13:09:45,credito
Elnore,Foy,6154977174,BANRURAL,Ahorro,Alfie,Castellaccio,2344960856,BAM,Monetaria en Q,5561,2020-07-12 00:42:24,credito
Neill,Esser,7964176803,BI,Monetaria en Q,Alfie,Castellaccio,2344960856,G&T,Monetaria en $,3874,2021-01-14 07:27:27,credito
Bobbette,Dutton,930849132,BI,Ahorro,Alfie,Castellaccio,2344960856,BANRURAL,Monetaria en $,4935,2020-03-04 11:20:09,credito
Hali,Peebles,1909436437,Promerica,Ahorro,Alfie,Castellaccio,2344960856,BAM,Monetaria en Q,8521,2020-01-18 06:57:18,credito
Deni,Tarn,6467582497,BANRURAL,Monetaria en $,Alfie,Castellaccio,2344960856,G&T,Monetaria en $,3745,2020-10-17 05:01:12,credito
Deni,Tarn,6467582497,BANRURAL,Monetaria en $,Alfie,Castellaccio,2344960856,BANRURAL,Monetaria en Q,653,2021-03-05 21:38:22,credito
Cherry,Youtead,6393106875,BANRURAL,Monetaria en Q,Alfie,Castellaccio,2344960856,BANRURAL,Monetaria en Q,7237,2020-05-22 10:39:44,credito
Inga,Cromleholme,3179095431,BAM,Ahorro,Alfie,Castellaccio,2344960856,BAM,Monetaria en Q,3597,2020-03-03 01:44:27,credito
Hali,Peebles,1909436437,Promerica,Monetaria en $,Alfie,Castellaccio,2344960856,G&T,Monetaria en $,5131,2021-03-12 02:11:55,credito
Ddene,Tant,2293083373,BI,Ahorro,Alfie,Castellaccio,2344960856,BANRURAL,Monetaria en $,7846,2020-03-19 02:20:28,credito
Inga,Cromleholme,3179095431,BI,Ahorro,Alfie,Castellaccio,2344960856,G&T,Monetaria en $,8776,2020-02-08 18:37:51,credito
Deni,Tarn,6467582497,BANRURAL,Monetaria en $,Alfie,Castellaccio,2344960856,BAM,Monetaria en Q,8855,2021-02-20 05:31:37,credito
Maggee,Shergold,6816494733,Promerica,Ahorro,Alfie,Castellaccio,2344960856,BANRURAL,Monetaria en $,3414,2020-09-15 12:39:36,credito
Alfie,Castellaccio,2344960856,BAM,Monetaria en Q,Alfie,Castellaccio,2344960856,BANRURAL,Monetaria en Q,9454,2020-10-30 04:55:46,credito
Ty,Kittow,1976810418,G&T,Monetaria en $,Alfie,Castellaccio,2344960856,BANRURAL,Ahorro,554,2021-03-08 21:54:12,credito
Henriette,Stag,5203620156,BANRURAL,Monetaria en $,Antonetta,Bowler,4380702766,BANRURAL,Ahorro,7882,2020-06-21 01:07:26,credito
Devin,Sheere,2286509069,BAM,Ahorro,Antonetta,Bowler,4380702766,BAM,Monetaria en $,8384,2021-01-08 15:59:43,credito
Abigale,Crann,1187255777,BAM,Monetaria en $,Antonetta,Bowler,4380702766,BANRURAL,Ahorro,5803,2020-01-22 05:00:04,credito
Koressa,Knowler,7737952055,Promerica,Ahorro,Antonetta,Bowler,4380702766,BAM,Monetaria en $,5169,2020-08-26 15:48:59,credito
Maressa,Delgadillo,3899636643,BI,Ahorro,Antonetta,Bowler,4380702766,BANRURAL,Ahorro,6534,2021-03-04 06:06:09,credito
Arron,Dalziel,4113842388,BANRURAL,Monetaria en $,Antonetta,Bowler,4380702766,BAM,Monetaria en $,4190,2020-10-10 23:49:52,credito
Ulla,Balloch,3278286464,Promerica,Monetaria en Q,Antonetta,Bowler,4380702766,BAM,Monetaria en $,6751,2020-08-15 05:58:07,credito
Hali,Peebles,1909436437,Promerica,Monetaria en $,Antonetta,Bowler,4380702766,BAM,Monetaria en $,912,2021-03-02 04:24:26,credito
Leonid,Berrey,9488599294,Promerica,Monetaria en $,Ardys,Cave,3418211453,Promerica,Ahorro,6454,2020-10-01 20:17:30,credito
Joelynn,De Gregoli,9835876975,Promerica,Ahorro,Ardys,Cave,3418211453,Promerica,Ahorro,6311,2021-03-27 20:25:40,credito
Sunny,Alvin,6456388384,Promerica,Monetaria en $,Arleta,Umbert,1805028979,BANRURAL,Ahorro,8361,2020-09-01 08:38:28,credito
Antonetta,Bowler,4380702766,BAM,Monetaria en $,Arleta,Umbert,1805028979,G&T,Monetaria en Q,4667,2020-11-10 04:21:22,credito
Daffy,Marages,2720935689,Promerica,Monetaria en Q,Arleta,Umbert,1805028979,G&T,Monetaria en Q,3913,2020-08-16 21:45:37,credito
Cherry,Youtead,6393106875,Promerica,Ahorro,Arleta,Umbert,1805028979,G&T,Monetaria en Q,4177,2020-10-01 07:29:35,credito
Deni,Tarn,6467582497,G&T,Monetaria en Q,Arleta,Umbert,1805028979,G&T,Monetaria en Q,1126,2020-05-31 04:56:42,credito
Vassili,Drowsfield,3345353652,BAM,Monetaria en Q,Arleta,Umbert,1805028979,BI,Monetaria en $,8206,2020-05-14 09:31:09,credito
Caryn,Kirkham,1581008589,BAM,Ahorro,Arleta,Umbert,1805028979,BI,Monetaria en $,6840,2020-11-23 03:33:10,credito
Bobbette,Dutton,930849132,BI,Ahorro,Arleta,Umbert,1805028979,G&T,Monetaria en Q,3974,2021-01-10 03:44:24,credito
Renard,Pelchat,8373980261,Promerica,Ahorro,Arleta,Umbert,1805028979,G&T,Monetaria en Q,7983,2020-07-13 14:11:57,credito
Colas,Feek,440057779,BAM,Monetaria en $,Arleta,Umbert,1805028979,BANRURAL,Ahorro,4132,2021-02-05 11:04:35,credito
Hali,Peebles,1909436437,Promerica,Monetaria en $,Arlin,Bruckner,7819264039,Promerica,Monetaria en Q,874,2020-01-07 20:22:56,credito
Elnore,Foy,6154977174,BAM,Ahorro,Arlin,Bruckner,7819264039,BANRURAL,Monetaria en Q,9094,2020-01-10 06:38:40,credito
Luelle,Barenskie,8068530312,G&T,Monetaria en Q,Arlin,Bruckner,7819264039,Promerica,Monetaria en Q,5410,2020-03-04 16:19:27,credito
Bobbette,Dutton,930849132,Promerica,Ahorro,Arlin,Bruckner,7819264039,BANRURAL,Monetaria en Q,1194,2020-04-04 21:15:26,credito
Ulla,Balloch,3278286464,Promerica,Monetaria en Q,Arlin,Bruckner,7819264039,Promerica,Ahorro,4126,2020-02-10 10:58:49,credito
Lauralee,Britnell,8712012858,BI,Monetaria en Q,Arlin,Bruckner,7819264039,Promerica,Monetaria en Q,7960,2020-06-13 04:43:44,credito
Janith,Metheringham,6172401947,BI,Monetaria en $,Arlin,Bruckner,7819264039,Promerica,Monetaria en Q,9601,2020-10-29 23:07:46,credito
Neill,Esser,7964176803,BI,Monetaria en Q,Arlin,Bruckner,7819264039,Promerica,Ahorro,6287,2020-01-24 00:26:51,credito
Vonny,Westall,2354138652,G&T,Ahorro,Arron,Dalziel,4113842388,G&T,Monetaria en Q,5927,2020-02-28 14:06:19,credito
Morgun,Coots,6920115220,Promerica,Monetaria en $,Arron,Dalziel,4113842388,G&T,Monetaria en Q,1251,2020-05-03 05:45:29,credito
Colas,Feek,440057779,G&T,Monetaria en $,Arron,Dalziel,4113842388,G&T,Monetaria en Q,663,2020-12-24 08:13:33,credito
Leann,Buncher,7589827045,BI,Monetaria en $,Arron,Dalziel,4113842388,BANRURAL,Monetaria en $,7594,2021-03-01 09:20:12,credito
Jeanne,Ciottoi,3199681735,BI,Monetaria en Q,Arron,Dalziel,4113842388,BANRURAL,Monetaria en $,3125,2020-02-16 01:17:05,credito
Manuel,Gouldstone,2293547442,G&T,Ahorro,Bobbette,Dutton,930849132,G&T,Monetaria en $,8722,2020-11-06 23:35:34,credito
Tina,De Beauchemp,6668839878,BANRURAL,Monetaria en $,Bobbette,Dutton,930849132,BI,Ahorro,3872,2020-02-04 23:55:48,credito
Maressa,Delgadillo,3899636643,BI,Ahorro,Bobbette,Dutton,930849132,Promerica,Ahorro,1497,2021-02-10 13:15:28,credito
Vonny,Westall,2354138652,G&T,Monetaria en Q,Bobbette,Dutton,930849132,BI,Ahorro,1716,2020-11-09 10:17:07,credito
Riva,Gaven,2897073799,G&T,Monetaria en Q,Bobbette,Dutton,930849132,Promerica,Ahorro,796,2020-12-31 12:01:30,credito
Corliss,McCord,5563911438,BAM,Monetaria en $,Bobbette,Dutton,930849132,Promerica,Ahorro,5412,2020-12-14 04:58:42,credito
Abigale,Crann,1187255777,BAM,Monetaria en $,Boote,Pina,208181717,BI,Monetaria en Q,3248,2020-05-07 03:49:46,credito
Jeanie,Badman,2320648240,G&T,Monetaria en Q,Boote,Pina,208181717,BI,Monetaria en Q,9708,2020-01-05 06:23:00,credito
Henriette,Stag,5203620156,BANRURAL,Monetaria en $,Burgess,Goudy,7154849568,Promerica,Ahorro,4579,2020-05-25 02:22:35,credito
Arlin,Bruckner,7819264039,BANRURAL,Monetaria en $,Burgess,Goudy,7154849568,Promerica,Ahorro,5068,2020-12-06 22:54:21,credito
Koressa,Knowler,7737952055,BI,Monetaria en $,Burgess,Goudy,7154849568,Promerica,Ahorro,4208,2021-02-26 05:45:24,credito
Nelia,Hathway,1962610551,BI,Monetaria en Q,Burgess,Goudy,7154849568,Promerica,Ahorro,2079,2020-07-26 08:36:42,credito
Riva,Gaven,2897073799,G&T,Monetaria en Q,Carmita,Hiscoke,8640571546,BAM,Monetaria en Q,3961,2020-05-10 19:27:35,credito
Alexander,Amor,7361225500,Promerica,Ahorro,Carmita,Hiscoke,8640571546,BAM,Monetaria en Q,8493,2020-08-01 10:48:11,credito
Esme,Seifenmacher,7341877243,Promerica,Monetaria en Q,Carmita,Hiscoke,8640571546,BAM,Monetaria en Q,3171,2020-07-14 09:56:02,credito
Daffy,Marages,2720935689,G&T,Monetaria en Q,Caryn,Kirkham,1581008589,BAM,Ahorro,1458,2020-03-12 09:45:11,credito
Nelia,Hathway,1962610551,G&T,Monetaria en Q,Caryn,Kirkham,1581008589,BAM,Ahorro,7202,2020-09-01 15:56:40,credito
Tripp,Ingree,3888897025,BAM,Ahorro,Caryn,Kirkham,1581008589,Promerica,Monetaria en $,9741,2020-07-12 12:03:16,credito
Deni,Tarn,6467582497,BAM,Monetaria en Q,Cherise,Pluvier,9622621546,BI,Ahorro,5451,2020-08-08 15:41:18,credito
Janith,Metheringham,6172401947,BI,Monetaria en $,Cherise,Pluvier,9622621546,BI,Ahorro,5710,2020-12-22 04:34:19,credito
Ty,Kittow,1976810418,G&T,Monetaria en $,Cherise,Pluvier,9622621546,BI,Ahorro,8364,2020-07-02 10:52:53,credito
Hali,Peebles,1909436437,BANRURAL,Ahorro,Cherry,Youtead,6393106875,BANRURAL,Monetaria en Q,8817,2021-01-25 15:05:45,credito
Koressa,Knowler,7737952055,G&T,Monetaria en $,Cherry,Youtead,6393106875,G&T,Monetaria en Q,9423,2020-10-24 10:35:45,credito
Leann,Buncher,7589827045,BI,Monetaria en $,Cherry,Youtead,6393106875,BANRURAL,Monetaria en Q,2862,2021-03-27 21:57:11,credito
Nelia,Hathway,1962610551,BI,Monetaria en $,Cherry,Youtead,6393106875,G&T,Monetaria en Q,699,2020-11-24 14:51:35,credito
Collie,Leatherland,3334586502,G&T,Monetaria en Q,Cherry,Youtead,6393106875,Promerica,Ahorro,9718,2020-01-17 17:50:59,credito
Hieronymus,Penn,3070506224,BANRURAL,Monetaria en $,Cherry,Youtead,6393106875,Promerica,Ahorro,1328,2020-06-24 14:57:56,credito
Chrissy,Fells,1432225464,BI,Monetaria en $,Cherry,Youtead,6393106875,G&T,Monetaria en Q,4183,2021-01-03 20:45:45,credito
Alfie,Castellaccio,2344960856,BAM,Monetaria en Q,Cherry,Youtead,6393106875,Promerica,Ahorro,9456,2020-03-22 23:16:44,credito
Henriette,Stag,5203620156,BANRURAL,Monetaria en $,Cherry,Youtead,6393106875,Promerica,Ahorro,5410,2020-10-09 23:36:35,credito
Henriette,Stag,5203620156,BANRURAL,Monetaria en $,Cherry,Youtead,6393106875,G&T,Monetaria en Q,9401,2020-12-31 13:25:38,credito
Horatia,Brumpton,1653130695,G&T,Ahorro,Cherry,Youtead,6393106875,Promerica,Ahorro,507,2020-01-06 22:07:43,credito
Alfie,Castellaccio,2344960856,BANRURAL,Monetaria en $,Chrissy,Fells,1432225464,G&T,Ahorro,7349,2020-10-22 15:12:29,credito
Sax,Stephenson,4640351089,BAM,Ahorro,Chrissy,Fells,1432225464,BI,Monetaria en $,9661,2021-03-26 15:05:28,credito
Puff,Huerta,4474118367,BANRURAL,Monetaria en Q,Colas,Feek,440057779,G&T,Monetaria en $,6342,2020-02-16 20:54:17,credito
Arleta,Umbert,1805028979,G&T,Monetaria en Q,Colas,Feek,440057779,BAM,Monetaria en $,7825,2020-08-09 01:12:56,credito
Arlin,Bruckner,7819264039,Promerica,Ahorro,Colas,Feek,440057779,BI,Monetaria en $,8166,2021-03-01 07:17:57,credito
Joellen,Rickell,677914504,BI,Monetaria en Q,Colas,Feek,440057779,BI,Monetaria en $,3974,2020-10-16 22:35:46,credito
Jarid,McEniry,7858016997,BANRURAL,Ahorro,Colas,Feek,440057779,G&T,Monetaria en $,8184,2021-03-03 20:48:56,credito
Maggee,Shergold,6816494733,BI,Monetaria en Q,Colas,Feek,440057779,BI,Monetaria en $,5794,2021-02-02 05:57:45,credito
Antonetta,Bowler,4380702766,BAM,Monetaria en $,Colas,Feek,440057779,BAM,Monetaria en $,4091,2020-02-23 04:15:12,credito
Elnore,Foy,6154977174,BANRURAL,Ahorro,Collie,Leatherland,3334586502,BI,Monetaria en Q,9464,2020-10-16 11:48:10,credito
Antonetta,Bowler,4380702766,BAM,Monetaria en $,Collie,Leatherland,3334586502,BI,Monetaria en Q,9661,2020-11-05 02:26:23,credito
Margo,Aspinall,8574878405,BI,Monetaria en $,Collie,Leatherland,3334586502,BI,Monetaria en Q,3739,2020-08-12 06:08:19,credito
Vassili,Drowsfield,3345353652,BAM,Monetaria en Q,Collie,Leatherland,3334586502,Promerica,Ahorro,5184,2020-06-13 10:31:32,credito
Gracia,Burchill,5981356200,Promerica,Monetaria en $,Collie,Leatherland,3334586502,BI,Monetaria en Q,9965,2020-07-22 17:46:10,credito
Arleta,Umbert,1805028979,G&T,Monetaria en Q,Collie,Leatherland,3334586502,Promerica,Ahorro,841,2020-02-14 14:46:10,credito
Dale,Goslin,4243293546,G&T,Ahorro,Collie,Leatherland,3334586502,Promerica,Ahorro,388,2021-03-25 00:58:29,credito
Konstanze,Blood,7873382966,Promerica,Monetaria en Q,Collie,Leatherland,3334586502,BI,Monetaria en Q,7221,2020-10-19 08:50:21,credito
Morgun,Coots,6920115220,G&T,Monetaria en $,Collie,Leatherland,3334586502,Promerica,Ahorro,9145,2021-04-13 23:54:19,credito
Jolie,Tollfree,4105124471,G&T,Monetaria en $,Corliss,McCord,5563911438,BAM,Monetaria en $,6767,2020-12-14 10:03:25,credito
Zack,Stainton - Skinn,5413394497,Promerica,Monetaria en Q,Corliss,McCord,5563911438,BAM,Monetaria en $,4224,2020-03-13 12:45:57,credito
Antonetta,Bowler,4380702766,BANRURAL,Ahorro,Corliss,McCord,5563911438,Promerica,Monetaria en $,2174,2021-02-04 04:40:14,credito
Boote,Pina,208181717,BI,Monetaria en Q,Corliss,McCord,5563911438,BAM,Monetaria en $,1875,2020-01-16 06:16:41,credito
Maggee,Shergold,6816494733,Promerica,Ahorro,Cully,Matyugin,7652775906,Promerica,Monetaria en Q,2688,2020-03-29 17:59:17,credito
Jeanie,Badman,2320648240,BAM,Ahorro,Cully,Matyugin,7652775906,BANRURAL,Monetaria en Q,9426,2020-07-30 18:48:34,credito
Lauralee,Britnell,8712012858,BI,Monetaria en Q,Cully,Matyugin,7652775906,Promerica,Monetaria en Q,8950,2020-06-25 11:41:23,credito
Sascha,Kennedy,4464029000,G&T,Monetaria en $,Cully,Matyugin,7652775906,BI,Monetaria en Q,3301,2020-07-28 12:50:33,credito
Chrissy,Fells,1432225464,BI,Monetaria en $,Cully,Matyugin,7652775906,Promerica,Monetaria en Q,4079,2020-01-11 15:55:02,credito
Cully,Matyugin,7652775906,Promerica,Monetaria en Q,Cully,Matyugin,7652775906,BI,Monetaria en Q,7188,2021-04-01 17:20:07,credito
Maggee,Shergold,6816494733,Promerica,Monetaria en Q,Daffy,Marages,2720935689,Promerica,Monetaria en Q,151,2020-05-05 11:21:52,credito
Ardys,Cave,3418211453,Promerica,Ahorro,Daffy,Marages,2720935689,G&T,Monetaria en Q,9387,2020-10-07 05:47:21,credito
Maggee,Shergold,6816494733,Promerica,Ahorro,Daffy,Marages,2720935689,Promerica,Monetaria en Q,739,2021-04-02 15:11:57,credito
Stormy,Mathieu,1952883946,BAM,Ahorro,Daffy,Marages,2720935689,Promerica,Monetaria en Q,2652,2021-03-14 23:26:41,credito
Raff,Meah,3693967563,BI,Ahorro,Daffy,Marages,2720935689,G&T,Monetaria en Q,5017,2020-09-16 23:38:39,credito
Chrissy,Fells,1432225464,G&T,Ahorro,Dahlia,Greiser,6310900986,BI,Monetaria en $,1311,2020-02-29 11:47:20,credito
Colas,Feek,440057779,BAM,Monetaria en $,Dahlia,Greiser,6310900986,BI,Monetaria en $,3484,2020-08-16 04:30:40,credito
Dale,Goslin,4243293546,G&T,Ahorro,Dale,Goslin,4243293546,Promerica,Ahorro,7611,2020-05-19 14:00:36,credito
Abigale,Crann,1187255777,BI,Ahorro,Dale,Goslin,4243293546,G&T,Ahorro,7680,2020-10-09 07:41:14,credito
Collie,Leatherland,3334586502,BI,Monetaria en Q,Dale,Goslin,4243293546,G&T,Ahorro,336,2020-07-11 08:14:48,credito
Elnore,Foy,6154977174,BANRURAL,Ahorro,Dale,Goslin,4243293546,G&T,Ahorro,4424,2020-08-04 04:27:03,credito
Margo,Aspinall,8574878405,BANRURAL,Monetaria en $,Dale,Goslin,4243293546,G&T,Ahorro,7542,2020-05-30 09:10:03,credito
Chrissy,Fells,1432225464,G&T,Ahorro,Dale,Goslin,4243293546,Promerica,Ahorro,6610,2020-04-28 03:37:20,credito
Vassili,Drowsfield,3345353652,BAM,Monetaria en Q,Ddene,Tant,2293083373,BI,Ahorro,4743,2020-03-16 11:40:19,credito
Vassili,Drowsfield,3345353652,G&T,Monetaria en $,Ddene,Tant,2293083373,BANRURAL,Monetaria en $,566,2020-02-02 22:31:28,credito
Javier,Theodore,1485345081,BI,Monetaria en $,Ddene,Tant,2293083373,BANRURAL,Monetaria en $,8856,2020-08-22 20:00:30,credito
Jolie,Tollfree,4105124471,G&T,Monetaria en $,Ddene,Tant,2293083373,BI,Ahorro,516,2020-11-30 15:03:57,credito
Giordano,Rimington,270162925,BI,Ahorro,Deni,Tarn,6467582497,BANRURAL,Monetaria en $,4426,2020-02-25 09:08:29,credito
Tina,De Beauchemp,6668839878,BI,Ahorro,Deni,Tarn,6467582497,BAM,Monetaria en Q,8120,2020-02-09 20:34:38,credito
Reinwald,Raphael,3808552263,BI,Monetaria en Q,Deni,Tarn,6467582497,Promerica,Monetaria en $,313,2020-11-02 09:12:58,credito
Esme,Seifenmacher,7341877243,BI,Ahorro,Deni,Tarn,6467582497,G&T,Monetaria en $,3888,2020-05-03 10:35:12,credito
Morgun,Coots,6920115220,Promerica,Monetaria en $,Deni,Tarn,6467582497,BANRURAL,Monetaria en $,3200,2020-07-06 16:22:06,credito
Hali,Peebles,1909436437,BANRURAL,Ahorro,Deni,Tarn,6467582497,G&T,Monetaria en Q,7344,2020-04-06 01:40:37,credito
Daffy,Marages,2720935689,Promerica,Monetaria en Q,Deni,Tarn,6467582497,G&T,Monetaria en Q,8263,2020-07-18 20:52:13,credito
Dahlia,Greiser,6310900986,BI,Monetaria en $,Deni,Tarn,6467582497,Promerica,Monetaria en $,6989,2020-08-02 01:56:01,credito
Collie,Leatherland,3334586502,BI,Monetaria en Q,Deni,Tarn,6467582497,G&T,Monetaria en Q,2878,2020-11-23 10:58:44,credito
Horatia,Brumpton,1653130695,G&T,Ahorro,Deni,Tarn,6467582497,Promerica,Monetaria en $,9087,2020-08-08 08:28:31,credito
Alfie,Castellaccio,2344960856,BANRURAL,Monetaria en Q,Deni,Tarn,6467582497,Promerica,Monetaria en $,1034,2020-11-09 07:38:00,credito
Hali,Peebles,1909436437,BANRURAL,Ahorro,Deni,Tarn,6467582497,BANRURAL,Monetaria en $,1922,2021-03-27 00:51:35,credito
Phaidra,Thornthwaite,7422400781,BANRURAL,Monetaria en Q,Deni,Tarn,6467582497,BANRURAL,Monetaria en $,8570,2020-09-21 17:05:21,credito
Bobbette,Dutton,930849132,Promerica,Ahorro,Deni,Tarn,6467582497,Promerica,Monetaria en $,3577,2021-01-20 07:03:57,credito
Giordano,Rimington,270162925,G&T,Monetaria en $,Deni,Tarn,6467582497,BANRURAL,Monetaria en $,6864,2020-11-13 20:51:25,credito
Bobbette,Dutton,930849132,G&T,Monetaria en $,Deni,Tarn,6467582497,G&T,Monetaria en Q,2517,2020-03-11 12:03:19,credito
Willie,Brahan,3601075148,Promerica,Monetaria en $,Deni,Tarn,6467582497,Promerica,Monetaria en $,2585,2020-08-10 17:54:00,credito
Ulla,Balloch,3278286464,Promerica,Monetaria en Q,Deni,Tarn,6467582497,G&T,Monetaria en Q,7035,2021-02-17 17:52:15,credito
Raff,Meah,3693967563,G&T,Monetaria en $,Devin,Sheere,2286509069,BI,Monetaria en Q,6039,2020-08-24 20:32:36,credito
Sunny,Alvin,6456388384,BAM,Monetaria en $,Devin,Sheere,2286509069,BI,Monetaria en Q,7262,2020-05-14 16:41:13,credito
Caryn,Kirkham,1581008589,BAM,Ahorro,Devin,Sheere,2286509069,BAM,Ahorro,5077,2020-03-08 16:22:37,credito
Arleta,Umbert,1805028979,G&T,Monetaria en Q,Devin,Sheere,2286509069,BI,Monetaria en Q,3027,2021-03-07 20:10:53,credito
Janith,Metheringham,6172401947,BI,Monetaria en $,Devin,Sheere,2286509069,BI,Monetaria en Q,6406,2021-02-19 20:31:00,credito
Kizzie,Pettman,6981272008,BI,Ahorro,Devin,Sheere,2286509069,G&T,Monetaria en Q,6380,2021-03-30 22:10:37,credito
Alfie,Castellaccio,2344960856,BANRURAL,Monetaria en Q,Donielle,Duckham,4348903484,BANRURAL,Monetaria en Q,7091,2021-02-18 10:47:50,credito
Raff,Meah,3693967563,G&T,Monetaria en $,Donielle,Duckham,4348903484,BANRURAL,Monetaria en Q,5474,2020-02-10 09:53:55,credito
Timmi,Hovie,5618537931,G&T,Ahorro,Elnore,Foy,6154977174,BAM,Ahorro,4790,2021-03-02 05:59:42,credito
Deni,Tarn,6467582497,Promerica,Monetaria en $,Elnore,Foy,6154977174,BAM,Ahorro,5058,2020-01-03 00:03:58,credito
Phaidra,Thornthwaite,7422400781,BANRURAL,Monetaria en Q,Elnore,Foy,6154977174,BAM,Ahorro,4431,2020-01-16 18:23:25,credito
Willie,Brahan,3601075148,Promerica,Monetaria en $,Esme,Seifenmacher,7341877243,BI,Monetaria en $,7028,2020-11-21 12:37:03,credito
Gearard,Laye,9158606432,BANRURAL,Monetaria en $,Esme,Seifenmacher,7341877243,Promerica,Monetaria en Q,3953,2020-03-29 06:39:52,credito
Joelynn,De Gregoli,9835876975,Promerica,Ahorro,Esme,Seifenmacher,7341877243,Promerica,Monetaria en Q,3391,2021-04-12 04:59:08,credito
Arleta,Umbert,1805028979,BI,Monetaria en $,Esme,Seifenmacher,7341877243,BI,Monetaria en $,7160,2021-01-15 07:58:09,credito
Jeanne,Ciottoi,3199681735,BI,Monetaria en Q,Esme,Seifenmacher,7341877243,BI,Ahorro,279,2020-09-19 13:16:12,credito
Arron,Dalziel,4113842388,BANRURAL,Monetaria en $,Esme,Seifenmacher,7341877243,BI,Ahorro,5375,2020-01-07 22:50:20,credito
Willie,Brahan,3601075148,G&T,Monetaria en $,Esme,Seifenmacher,7341877243,Promerica,Monetaria en Q,9273,2020-10-24 15:29:25,credito
Konstanze,Blood,7873382966,BAM,Monetaria en $,Gearard,Laye,9158606432,BANRURAL,Monetaria en $,2523,2020-08-30 12:56:49,credito
Horatia,Brumpton,1653130695,G&T,Ahorro,Gearard,Laye,9158606432,BANRURAL,Monetaria en $,6483,2020-02-04 23:52:12,credito
Colas,Feek,440057779,G&T,Monetaria en $,Giordano,Rimington,270162925,G&T,Monetaria en $,1043,2020-01-06 12:52:42,credito
Antonetta,Bowler,4380702766,BANRURAL,Ahorro,Giordano,Rimington,270162925,BANRURAL,Ahorro,9281,2020-12-25 06:47:45,credito
Cherry,Youtead,6393106875,G&T,Monetaria en Q,Giordano,Rimington,270162925,BI,Ahorro,506,2020-05-17 17:09:15,credito
Raff,Meah,3693967563,G&T,Monetaria en $,Giordano,Rimington,270162925,G&T,Monetaria en $,4225,2021-02-06 18:35:19,credito
Collie,Leatherland,3334586502,G&T,Monetaria en Q,Giordano,Rimington,270162925,BI,Ahorro,8264,2020-10-05 09:43:22,credito
Joelynn,De Gregoli,9835876975,Promerica,Ahorro,Giordano,Rimington,270162925,BANRURAL,Ahorro,9825,2021-04-11 12:09:02,credito
Koressa,Knowler,7737952055,Promerica,Ahorro,Giordano,Rimington,270162925,G&T,Monetaria en $,5223,2021-02-26 16:07:46,credito
Colas,Feek,440057779,G&T,Monetaria en $,Giordano,Rimington,270162925,G&T,Monetaria en $,4420,2020-10-16 20:25:58,credito
Henriette,Stag,5203620156,BANRURAL,Monetaria en $,Giordano,Rimington,270162925,BI,Ahorro,2356,2020-10-19 01:10:43,credito
Horatia,Brumpton,1653130695,G&T,Ahorro,Gracia,Burchill,5981356200,Promerica,Monetaria en $,2781,2021-03-12 06:13:37,credito
Phaidra,Thornthwaite,7422400781,BANRURAL,Monetaria en Q,Gracia,Burchill,5981356200,BANRURAL,Monetaria en $,3119,2020-10-08 13:53:05,credito
Konstanze,Blood,7873382966,BAM,Monetaria en $,Gracia,Burchill,5981356200,Promerica,Monetaria en $,6518,2020-12-09 10:15:04,credito
Sax,Stephenson,4640351089,BAM,Ahorro,Gracia,Burchill,5981356200,BANRURAL,Monetaria en $,800,2021-02-02 12:02:51,credito
Corliss,McCord,5563911438,BAM,Monetaria en $,Hali,Peebles,1909436437,BI,Monetaria en Q,3449,2020-07-14 17:32:07,credito
Morgun,Coots,6920115220,BI,Monetaria en Q,Hali,Peebles,1909436437,BANRURAL,Ahorro,4310,2020-06-08 15:14:09,credito
Koressa,Knowler,7737952055,Promerica,Ahorro,Hali,Peebles,1909436437,BANRURAL,Ahorro,5896,2021-02-16 18:50:42,credito
Maggee,Shergold,6816494733,BI,Monetaria en Q,Hali,Peebles,1909436437,Promerica,Monetaria en $,5209,2020-05-12 07:45:23,credito
Phaidra,Thornthwaite,7422400781,BANRURAL,Monetaria en Q,Hali,Peebles,1909436437,BANRURAL,Ahorro,3466,2021-03-28 07:42:20,credito
Margo,Aspinall,8574878405,BANRURAL,Monetaria en $,Hali,Peebles,1909436437,Promerica,Monetaria en $,2520,2020-01-13 17:21:53,credito
Tina,De Beauchemp,6668839878,BAM,Ahorro,Hali,Peebles,1909436437,Promerica,Monetaria en $,1997,2020-04-26 00:47:08,credito
Janith,Metheringham,6172401947,BI,Monetaria en $,Hali,Peebles,1909436437,Promerica,Ahorro,9945,2021-03-31 09:53:32,credito
Horatia,Brumpton,1653130695,G&T,Ahorro,Hali,Peebles,1909436437,BI,Monetaria en Q,858,2020-08-04 09:05:26,credito
Leonid,Berrey,9488599294,Promerica,Monetaria en $,Hali,Peebles,1909436437,Promerica,Ahorro,8930,2020-06-18 21:28:17,credito
Ddene,Tant,2293083373,BANRURAL,Monetaria en $,Hali,Peebles,1909436437,BANRURAL,Ahorro,6129,2021-01-01 10:03:13,credito
Chrissy,Fells,1432225464,BI,Monetaria en $,Hali,Peebles,1909436437,BANRURAL,Ahorro,5965,2020-04-11 10:09:48,credito
Margo,Aspinall,8574878405,BANRURAL,Monetaria en $,Hali,Peebles,1909436437,BANRURAL,Ahorro,4065,2020-12-29 21:32:22,credito
Manuel,Gouldstone,2293547442,BI,Monetaria en $,Hali,Peebles,1909436437,BANRURAL,Ahorro,1574,2020-10-09 19:22:09,credito
Arleta,Umbert,1805028979,G&T,Monetaria en Q,Henriette,Stag,5203620156,BANRURAL,Monetaria en $,9160,2020-11-16 04:06:56,credito
Tina,De Beauchemp,6668839878,BAM,Ahorro,Henriette,Stag,5203620156,BANRURAL,Monetaria en $,2507,2020-05-22 17:02:41,credito
Inga,Cromleholme,3179095431,Promerica,Ahorro,Hieronymus,Penn,3070506224,BANRURAL,Monetaria en $,1076,2020-02-05 05:34:42,credito
Tina,De Beauchemp,6668839878,BAM,Ahorro,Hieronymus,Penn,3070506224,BANRURAL,Monetaria en $,156,2021-04-14 06:36:06,credito
Nelia,Hathway,1962610551,BI,Monetaria en $,Hieronymus,Penn,3070506224,BANRURAL,Monetaria en $,8404,2020-04-01 05:37:11,credito
Henriette,Stag,5203620156,BANRURAL,Monetaria en $,Hieronymus,Penn,3070506224,BANRURAL,Monetaria en $,3499,2020-06-10 19:28:26,credito
Tina,De Beauchemp,6668839878,BI,Ahorro,Horatia,Brumpton,1653130695,G&T,Ahorro,6148,2020-06-29 05:40:30,credito
Riva,Gaven,2897073799,Promerica,Monetaria en $,Horatia,Brumpton,1653130695,G&T,Ahorro,4920,2020-07-15 23:34:56,credito
Chrissy,Fells,1432225464,BI,Monetaria en $,Horatia,Brumpton,1653130695,BAM,Monetaria en $,2881,2021-03-18 08:54:40,credito
Joelynn,De Gregoli,9835876975,G&T,Monetaria en Q,Horatia,Brumpton,1653130695,G&T,Ahorro,4946,2020-12-17 11:53:26,credito
Vassili,Drowsfield,3345353652,G&T,Monetaria en $,Horatia,Brumpton,1653130695,G&T,Ahorro,2200,2021-03-19 17:12:56,credito
Arleta,Umbert,1805028979,Promerica,Monetaria en Q,Horatia,Brumpton,1653130695,G&T,Ahorro,8666,2021-01-20 17:07:12,credito
Koressa,Knowler,7737952055,G&T,Monetaria en $,Horatia,Brumpton,1653130695,G&T,Monetaria en Q,1883,2021-03-18 16:18:19,credito
Alfie,Castellaccio,2344960856,BANRURAL,Monetaria en Q,Horatia,Brumpton,1653130695,BAM,Monetaria en $,7170,2021-01-28 20:48:14,credito
Sascha,Kennedy,4464029000,Promerica,Ahorro,Horatia,Brumpton,1653130695,G&T,Ahorro,8885,2021-01-04 05:54:30,credito
Elnore,Foy,6154977174,BANRURAL,Ahorro,Horatia,Brumpton,1653130695,G&T,Ahorro,2476,2020-07-09 13:27:57,credito
Daffy,Marages,2720935689,G&T,Monetaria en Q,Horatia,Brumpton,1653130695,G&T,Ahorro,4740,2020-10-31 17:28:42,credito
Inga,Cromleholme,3179095431,Promerica,Monetaria en $,Horatia,Brumpton,1653130695,G&T,Ahorro,3594,2021-03-23 00:50:15,credito
Luelle,Barenskie,8068530312,G&T,Monetaria en Q,Horatia,Brumpton,1653130695,G&T,Ahorro,3628,2020-11-07 19:07:35,credito
Koressa,Knowler,7737952055,BANRURAL,Monetaria en $,Horatia,Brumpton,1653130695,G&T,Monetaria en Q,5346,2020-06-21 03:34:40,credito
Inga,Cromleholme,3179095431,BI,Ahorro,Horatia,Brumpton,1653130695,G&T,Ahorro,737,2021-02-17 01:29:05,credito
Deni,Tarn,6467582497,BANRURAL,Monetaria en $,Horatia,Brumpton,1653130695,G&T,Ahorro,2721,2020-03-25 22:57:44,credito
Riva,Gaven,2897073799,Promerica,Monetaria en $,Horatia,Brumpton,1653130695,G&T,Ahorro,357,2020-11-12 08:01:51,credito
Willie,Brahan,3601075148,Promerica,Monetaria en $,Ike,Nickels,6290621491,BANRURAL,Monetaria en Q,9210,2020-12-23 16:13:39,credito
Jeanne,Ciottoi,3199681735,BI,Monetaria en Q,Ike,Nickels,6290621491,BANRURAL,Monetaria en Q,1240,2020-01-29 15:20:17,credito
Ty,Kittow,1976810418,BANRURAL,Ahorro,Ike,Nickels,6290621491,BANRURAL,Monetaria en Q,1160,2021-01-28 12:33:06,credito
Raff,Meah,3693967563,G&T,Monetaria en $,Inga,Cromleholme,3179095431,BI,Ahorro,3132,2020-11-18 14:49:15,credito
Nelia,Hathway,1962610551,BI,Monetaria en Q,Inga,Cromleholme,3179095431,Promerica,Ahorro,9230,2020-08-28 23:21:41,credito
Inga,Cromleholme,3179095431,Promerica,Ahorro,Inga,Cromleholme,3179095431,BI,Ahorro,9750,2020-06-18 13:50:10,credito
Inga,Cromleholme,3179095431,Promerica,Monetaria en $,Inga,Cromleholme,3179095431,Promerica,Monetaria en $,1997,2020-06-03 11:36:43,credito
Dale,Goslin,4243293546,G&T,Ahorro,Inga,Cromleholme,3179095431,Promerica,Ahorro,1141,2020-12-04 15:06:49,credito
Koressa,Knowler,7737952055,BANRURAL,Monetaria en $,Inga,Cromleholme,3179095431,BI,Ahorro,7134,2020-02-16 00:51:28,credito
Neill,Esser,7964176803,BI,Monetaria en $,Inga,Cromleholme,3179095431,BI,Ahorro,6824,2020-12-18 18:15:55,credito
Cherise,Pluvier,9622621546,BI,Ahorro,Inga,Cromleholme,3179095431,Promerica,Ahorro,6036,2020-08-04 19:08:17,credito
Konstanze,Blood,7873382966,BI,Ahorro,Inga,Cromleholme,3179095431,BI,Ahorro,951,2021-03-09 11:51:42,credito
Alfie,Castellaccio,2344960856,BAM,Monetaria en Q,Janith,Metheringham,6172401947,BAM,Monetaria en $,9675,2020-07-27 21:50:39,credito
Alfie,Castellaccio,2344960856,BAM,Monetaria en Q,Janith,Metheringham,6172401947,BAM,Monetaria en $,2606,2020-03-15 16:16:18,credito
Maggee,Shergold,6816494733,Promerica,Ahorro,Janith,Metheringham,6172401947,BI,Monetaria en $,153,2020-10-04 14:38:18,credito
Kit,Tottman,445543914,G&T,Monetaria en $,Janith,Metheringham,6172401947,BAM,Monetaria en $,1119,2020-11-28 12:49:37,credito
Ddene,Tant,2293083373,BANRURAL,Monetaria en $,Jarid,McEniry,7858016997,BANRURAL,Ahorro,7305,2020-04-02 12:24:00,credito
Abigale,Crann,1187255777,BI,Ahorro,Javier,Theodore,1485345081,BI,Monetaria en $,2510,2020-08-06 09:24:12,credito
Jeanie,Badman,2320648240,Promerica,Monetaria en $,Javier,Theodore,1485345081,G&T,Monetaria en $,4123,2021-02-07 20:32:58,credito
Hali,Peebles,1909436437,BANRURAL,Ahorro,Javier,Theodore,1485345081,BI,Monetaria en $,6021,2020-05-25 08:02:31,credito
Maggee,Shergold,6816494733,Promerica,Ahorro,Javier,Theodore,1485345081,BI,Monetaria en $,3926,2020-08-18 21:22:08,credito
Vassili,Drowsfield,3345353652,BAM,Monetaria en Q,Javier,Theodore,1485345081,G&T,Monetaria en $,5761,2020-06-29 09:54:27,credito
Horatia,Brumpton,1653130695,G&T,Ahorro,Javier,Theodore,1485345081,BI,Monetaria en $,3216,2020-03-13 22:56:00,credito
Horatia,Brumpton,1653130695,G&T,Ahorro,Javier,Theodore,1485345081,G&T,Monetaria en $,5864,2020-12-12 09:38:11,credito
Ike,Nickels,6290621491,BANRURAL,Monetaria en Q,Javier,Theodore,1485345081,BI,Monetaria en $,1425,2020-04-07 07:48:27,credito
Deni,Tarn,6467582497,BAM,Monetaria en Q,Jeanie,Badman,2320648240,G&T,Monetaria en Q,7158,2020-12-10 16:52:44,credito
Maressa,Delgadillo,3899636643,BI,Ahorro,Jeanie,Badman,2320648240,BAM,Ahorro,223,2021-04-15 21:58:23,credito
Sunny,Alvin,6456388384,BAM,Monetaria en $,Jeanie,Badman,2320648240,Promerica,Monetaria en $,9712,2021-02-18 02:28:14,credito
Esme,Seifenmacher,7341877243,BI,Monetaria en $,Jeanie,Badman,2320648240,G&T,Monetaria en Q,2453,2020-10-23 00:10:32,credito
Horatia,Brumpton,1653130695,G&T,Ahorro,Jeanie,Badman,2320648240,G&T,Monetaria en Q,385,2021-01-18 03:20:24,credito
Sascha,Kennedy,4464029000,Promerica,Ahorro,Jeanie,Badman,2320648240,G&T,Monetaria en Q,94,2021-03-05 18:40:15,credito
Bobbette,Dutton,930849132,Promerica,Ahorro,Jeanie,Badman,2320648240,G&T,Monetaria en Q,8936,2020-08-07 23:15:01,credito
Sascha,Kennedy,4464029000,G&T,Monetaria en $,Jeanie,Badman,2320648240,BAM,Ahorro,5970,2021-01-17 20:54:38,credito
Colas,Feek,440057779,BAM,Monetaria en $,Jeanie,Badman,2320648240,G&T,Monetaria en Q,9618,2020-01-06 16:43:07,credito
Nelia,Hathway,1962610551,G&T,Monetaria en Q,Jeanie,Badman,2320648240,G&T,Monetaria en Q,8221,2020-01-28 20:33:22,credito
Cherise,Pluvier,9622621546,BI,Ahorro,Jeanie,Badman,2320648240,Promerica,Monetaria en $,3872,2020-02-09 14:59:26,credito
Leann,Buncher,7589827045,BI,Monetaria en $,Jeanne,Ciottoi,3199681735,BANRURAL,Monetaria en $,6229,2020-11-11 01:28:57,credito
Alfie,Castellaccio,2344960856,G&T,Monetaria en $,Jeanne,Ciottoi,3199681735,BANRURAL,Monetaria en $,7753,2020-10-06 17:50:42,credito
Abigale,Crann,1187255777,BI,Ahorro,Joellen,Rickell,677914504,BI,Monetaria en Q,9287,2020-12-29 20:04:17,credito
Tina,De Beauchemp,6668839878,BAM,Ahorro,Joellen,Rickell,677914504,BI,Monetaria en Q,6183,2020-06-14 00:34:54,credito
Vassili,Drowsfield,3345353652,G&T,Monetaria en $,Joelynn,De Gregoli,9835876975,BI,Monetaria en Q,6522,2020-11-15 18:07:37,credito
Kizzie,Pettman,6981272008,BI,Ahorro,Joelynn,De Gregoli,9835876975,Promerica,Ahorro,6270,2020-12-25 12:27:49,credito
Joelynn,De Gregoli,9835876975,G&T,Monetaria en Q,Joelynn,De Gregoli,9835876975,BI,Monetaria en Q,7821,2020-02-02 00:33:52,credito
Abigale,Crann,1187255777,BAM,Monetaria en $,Joelynn,De Gregoli,9835876975,BI,Monetaria en Q,3271,2020-11-23 13:10:29,credito
Phaidra,Thornthwaite,7422400781,BANRURAL,Monetaria en Q,Joelynn,De Gregoli,9835876975,G&T,Monetaria en Q,8915,2020-05-05 00:48:29,credito
Konstanze,Blood,7873382966,BAM,Monetaria en $,Joelynn,De Gregoli,9835876975,Promerica,Ahorro,784,2020-04-09 19:40:46,credito
Koressa,Knowler,7737952055,BANRURAL,Monetaria en $,Joelynn,De Gregoli,9835876975,Promerica,Ahorro,5465,2020-01-11 13:07:18,credito
Dale,Goslin,4243293546,Promerica,Ahorro,Joelynn,De Gregoli,9835876975,Promerica,Ahorro,8301,2020-10-31 04:35:26,credito
Sascha,Kennedy,4464029000,Promerica,Ahorro,Joelynn,De Gregoli,9835876975,Promerica,Ahorro,1604,2020-09-26 15:57:15,credito
Konstanze,Blood,7873382966,BI,Ahorro,Kit,Tottman,445543914,G&T,Monetaria en $,8341,2020-04-30 01:21:16,credito
Bobbette,Dutton,930849132,Promerica,Ahorro,Kizzie,Pettman,6981272008,Promerica,Ahorro,2545,2020-08-16 18:41:05,credito
Morgun,Coots,6920115220,G&T,Monetaria en $,Kizzie,Pettman,6981272008,BI,Ahorro,6163,2020-08-24 20:38:44,credito
Manuel,Gouldstone,2293547442,BI,Monetaria en $,Kizzie,Pettman,6981272008,Promerica,Ahorro,9963,2021-02-24 18:10:59,credito
Inga,Cromleholme,3179095431,Promerica,Monetaria en $,Kizzie,Pettman,6981272008,Promerica,Ahorro,4032,2020-08-05 01:57:28,credito
Manuel,Gouldstone,2293547442,BI,Monetaria en $,Kizzie,Pettman,6981272008,Promerica,Ahorro,8816,2020-12-09 16:14:18,credito
Thoma,Kempster,7725887806,Promerica,Monetaria en $,Kizzie,Pettman,6981272008,Promerica,Ahorro,5460,2020-10-23 13:39:02,credito
Hali,Peebles,1909436437,BI,Ahorro,Kizzie,Pettman,6981272008,Promerica,Ahorro,1714,2021-01-05 15:54:47,credito
Jarid,McEniry,7858016997,BANRURAL,Ahorro,Kizzie,Pettman,6981272008,Promerica,Ahorro,583,2020-07-10 21:09:31,credito
Devin,Sheere,2286509069,BAM,Ahorro,Kizzie,Pettman,6981272008,Promerica,Ahorro,5224,2021-03-05 11:08:14,credito
Joelynn,De Gregoli,9835876975,Promerica,Ahorro,Kizzie,Pettman,6981272008,Promerica,Ahorro,9947,2020-02-06 16:26:41,credito
Collie,Leatherland,3334586502,BI,Monetaria en Q,Kizzie,Pettman,6981272008,Promerica,Ahorro,1732,2020-04-06 23:46:35,credito
Kit,Tottman,445543914,G&T,Monetaria en $,Kizzie,Pettman,6981272008,Promerica,Ahorro,7270,2020-05-28 04:12:18,credito
Horatia,Brumpton,1653130695,G&T,Ahorro,Kizzie,Pettman,6981272008,Promerica,Ahorro,4817,2021-04-12 06:33:26,credito
Devin,Sheere,2286509069,BI,Monetaria en Q,Kizzie,Pettman,6981272008,Promerica,Ahorro,8648,2020-08-30 12:12:00,credito
Maggee,Shergold,6816494733,BI,Monetaria en Q,Konstanze,Blood,7873382966,Promerica,Monetaria en Q,5302,2020-05-30 00:36:28,credito
Cherry,Youtead,6393106875,G&T,Monetaria en Q,Konstanze,Blood,7873382966,BI,Ahorro,6355,2021-03-28 18:32:39,credito
Maggee,Shergold,6816494733,BI,Monetaria en Q,Konstanze,Blood,7873382966,BI,Ahorro,1954,2021-01-21 11:31:03,credito
Tina,De Beauchemp,6668839878,BAM,Ahorro,Konstanze,Blood,7873382966,Promerica,Monetaria en Q,2525,2020-08-12 15:39:32,credito
Giordano,Rimington,270162925,G&T,Monetaria en $,Konstanze,Blood,7873382966,BI,Ahorro,7648,2020-09-22 21:07:41,credito
Tina,De Beauchemp,6668839878,BAM,Ahorro,Konstanze,Blood,7873382966,BI,Ahorro,6619,2020-04-22 05:55:55,credito
Sunny,Alvin,6456388384,Promerica,Monetaria en $,Konstanze,Blood,7873382966,Promerica,Monetaria en Q,8267,2020-04-02 10:16:14,credito
Reinwald,Raphael,3808552263,BI,Monetaria en Q,Konstanze,Blood,7873382966,Promerica,Monetaria en Q,6621,2020-01-23 01:24:28,credito
Arleta,Umbert,1805028979,Promerica,Monetaria en Q,Konstanze,Blood,7873382966,Promerica,Monetaria en Q,9488,2021-03-26 08:17:28,credito
Tripp,Ingree,3888897025,BAM,Ahorro,Koressa,Knowler,7737952055,BANRURAL,Monetaria en $,6169,2020-12-18 00:05:33,credito
Tripp,Ingree,3888897025,BAM,Ahorro,Koressa,Knowler,7737952055,G&T,Monetaria en $,1959,2020-07-01 06:08:57,credito
Javier,Theodore,1485345081,BI,Monetaria en $,Koressa,Knowler,7737952055,BANRURAL,Monetaria en $,684,2020-02-26 12:36:41,credito
Reinwald,Raphael,3808552263,BI,Monetaria en Q,Koressa,Knowler,7737952055,BI,Monetaria en $,7452,2021-01-20 09:01:42,credito
Stormy,Mathieu,1952883946,G&T,Monetaria en $,Koressa,Knowler,7737952055,BI,Monetaria en $,7922,2020-04-02 17:27:27,credito
Puff,Huerta,4474118367,G&T,Monetaria en Q,Koressa,Knowler,7737952055,Promerica,Ahorro,6568,2021-02-19 16:18:49,credito
Daffy,Marages,2720935689,G&T,Monetaria en Q,Koressa,Knowler,7737952055,Promerica,Ahorro,292,2020-06-16 20:30:40,credito
Daffy,Marages,2720935689,Promerica,Monetaria en Q,Koressa,Knowler,7737952055,G&T,Monetaria en $,1600,2020-01-27 07:04:36,credito
Neill,Esser,7964176803,BI,Monetaria en Q,Koressa,Knowler,7737952055,BANRURAL,Monetaria en $,2215,2020-01-09 06:40:27,credito
Jeanie,Badman,2320648240,G&T,Monetaria en Q,Koressa,Knowler,7737952055,BI,Monetaria en $,9668,2020-08-22 09:45:58,credito
Abigale,Crann,1187255777,BI,Ahorro,Lauralee,Britnell,8712012858,BI,Monetaria en Q,9305,2021-04-08 15:45:39,credito
Henriette,Stag,5203620156,BANRURAL,Monetaria en $,Lauralee,Britnell,8712012858,BI,Monetaria en Q,5762,2020-12-08 05:28:01,credito
Maggee,Shergold,6816494733,BI,Monetaria en Q,Leann,Buncher,7589827045,BI,Monetaria en $,8192,2020-02-19 06:47:05,credito
Gracia,Burchill,5981356200,BANRURAL,Monetaria en $,Leann,Buncher,7589827045,BI,Monetaria en $,2896,2020-10-01 20:50:27,credito
Alfie,Castellaccio,2344960856,BANRURAL,Monetaria en Q,Leann,Buncher,7589827045,BI,Monetaria en $,6470,2020-10-29 21:17:40,credito
Abigale,Crann,1187255777,BI,Ahorro,Leann,Buncher,7589827045,BI,Monetaria en $,1350,2020-11-02 23:19:18,credito
Boote,Pina,208181717,G&T,Monetaria en $,Leonelle,Copp,2843482992,BAM,Monetaria en $,5715,2020-06-30 02:23:33,credito
Corliss,McCord,5563911438,Promerica,Monetaria en $,Leonelle,Copp,2843482992,BAM,Monetaria en $,8745,2020-04-09 10:18:53,credito
Carmita,Hiscoke,8640571546,BAM,Monetaria en Q,Leonid,Berrey,9488599294,Promerica,Monetaria en $,4725,2020-11-07 18:30:49,credito
Maggee,Shergold,6816494733,Promerica,Monetaria en Q,Locke,Kordas,5791637586,Promerica,Monetaria en $,1058,2020-03-01 06:01:22,credito
Collie,Leatherland,3334586502,BI,Monetaria en Q,Locke,Kordas,5791637586,Promerica,Monetaria en $,5142,2020-04-06 16:58:43,credito
Chrissy,Fells,1432225464,BI,Monetaria en $,Locke,Kordas,5791637586,Promerica,Monetaria en $,6383,2021-04-11 16:54:47,credito
Cully,Matyugin,7652775906,BANRURAL,Monetaria en Q,Locke,Kordas,5791637586,G&T,Monetaria en Q,4801,2020-07-17 20:50:37,credito
Stormy,Mathieu,1952883946,BAM,Ahorro,Locke,Kordas,5791637586,Promerica,Monetaria en $,318,2021-02-15 10:35:11,credito
Ardys,Cave,3418211453,Promerica,Ahorro,Locke,Kordas,5791637586,G&T,Monetaria en Q,8925,2020-06-11 06:21:10,credito
Neill,Esser,7964176803,BI,Monetaria en Q,Locke,Kordas,5791637586,G&T,Monetaria en Q,7495,2020-01-17 21:39:39,credito
Arlin,Bruckner,7819264039,BANRURAL,Monetaria en $,Locke,Kordas,5791637586,Promerica,Monetaria en $,1084,2020-06-04 00:20:03,credito
Collie,Leatherland,3334586502,G&T,Monetaria en Q,Locke,Kordas,5791637586,Promerica,Monetaria en $,615,2020-08-21 23:06:10,credito
Alexander,Amor,7361225500,Promerica,Ahorro,Luelle,Barenskie,8068530312,G&T,Monetaria en Q,2232,2021-03-26 04:24:29,credito
Alexander,Amor,7361225500,Promerica,Ahorro,Luelle,Barenskie,8068530312,G&T,Monetaria en Q,7092,2020-01-12 04:21:27,credito
Alfie,Castellaccio,2344960856,G&T,Monetaria en $,Maggee,Shergold,6816494733,BI,Monetaria en Q,6782,2020-04-15 15:53:13,credito
Hali,Peebles,1909436437,Promerica,Ahorro,Maggee,Shergold,6816494733,Promerica,Ahorro,5862,2020-03-05 15:49:46,credito
Vassili,Drowsfield,3345353652,Promerica,Ahorro,Maggee,Shergold,6816494733,BI,Monetaria en Q,4033,2020-02-25 13:35:38,credito
Reinwald,Raphael,3808552263,BI,Monetaria en Q,Maggee,Shergold,6816494733,BI,Monetaria en Q,2190,2020-03-03 00:51:36,credito
Kizzie,Pettman,6981272008,BI,Ahorro,Manuel,Gouldstone,2293547442,BI,Monetaria en $,3209,2020-03-19 08:38:40,credito
Cherry,Youtead,6393106875,BANRURAL,Monetaria en Q,Manuel,Gouldstone,2293547442,BI,Monetaria en $,9795,2020-06-08 23:28:10,credito
Corliss,McCord,5563911438,BAM,Monetaria en $,Manuel,Gouldstone,2293547442,BI,Monetaria en $,1678,2020-02-06 08:09:46,credito
Maressa,Delgadillo,3899636643,BI,Ahorro,Manuel,Gouldstone,2293547442,G&T,Ahorro,9341,2021-02-22 15:22:12,credito
Esme,Seifenmacher,7341877243,BI,Monetaria en $,Manuel,Gouldstone,2293547442,G&T,Ahorro,6352,2020-06-27 13:43:52,credito
Willie,Brahan,3601075148,G&T,Monetaria en $,Manuel,Gouldstone,2293547442,G&T,Ahorro,6122,2020-10-29 02:26:16,credito
Raff,Meah,3693967563,G&T,Monetaria en $,Manuel,Gouldstone,2293547442,G&T,Ahorro,9187,2021-01-31 05:33:48,credito
Raff,Meah,3693967563,BI,Ahorro,Maressa,Delgadillo,3899636643,BI,Ahorro,2343,2020-06-18 05:32:44,credito
Arlin,Bruckner,7819264039,Promerica,Ahorro,Maressa,Delgadillo,3899636643,BI,Ahorro,3462,2020-09-20 21:44:08,credito
Horatia,Brumpton,1653130695,G&T,Ahorro,Maressa,Delgadillo,3899636643,BI,Ahorro,477,2020-12-28 23:50:47,credito
Tina,De Beauchemp,6668839878,BANRURAL,Monetaria en $,Margo,Aspinall,8574878405,BANRURAL,Monetaria en $,5819,2020-11-19 23:08:00,credito
Sascha,Kennedy,4464029000,G&T,Monetaria en $,Margo,Aspinall,8574878405,BI,Monetaria en $,6608,2020-10-21 09:52:38,credito
Jeanne,Ciottoi,3199681735,BANRURAL,Monetaria en $,Margo,Aspinall,8574878405,BI,Monetaria en $,4733,2020-02-03 03:39:08,credito
Alfie,Castellaccio,2344960856,BAM,Monetaria en Q,Margo,Aspinall,8574878405,BANRURAL,Monetaria en $,3567,2020-01-02 05:56:58,credito
Vassili,Drowsfield,3345353652,G&T,Monetaria en $,Margo,Aspinall,8574878405,BANRURAL,Monetaria en $,9766,2020-08-10 15:23:05,credito
Raff,Meah,3693967563,G&T,Monetaria en $,Morgun,Coots,6920115220,Promerica,Monetaria en $,2053,2020-10-11 05:38:24,credito
Ulla,Balloch,3278286464,Promerica,Monetaria en Q,Morgun,Coots,6920115220,G&T,Monetaria en $,4893,2020-03-18 07:41:47,credito
Konstanze,Blood,7873382966,BAM,Monetaria en $,Morgun,Coots,6920115220,G&T,Monetaria en $,9596,2021-03-09 04:18:37,credito
Nelia,Hathway,1962610551,Promerica,Monetaria en $,Morgun,Coots,6920115220,Promerica,Monetaria en $,3900,2020-05-19 02:32:49,credito
Dahlia,Greiser,6310900986,BI,Monetaria en $,Morgun,Coots,6920115220,Promerica,Monetaria en $,8638,2020-09-16 15:32:12,credito
Alexander,Amor,7361225500,Promerica,Ahorro,Morgun,Coots,6920115220,Promerica,Monetaria en $,1957,2020-02-12 10:42:47,credito
Esme,Seifenmacher,7341877243,BI,Ahorro,Morgun,Coots,6920115220,BI,Monetaria en Q,1706,2021-02-28 09:53:03,credito
Deni,Tarn,6467582497,G&T,Monetaria en Q,Morgun,Coots,6920115220,BI,Monetaria en Q,9753,2020-06-16 11:55:19,credito
Raff,Meah,3693967563,BI,Ahorro,Morly,Pundy,1833280679,Promerica,Monetaria en Q,6521,2020-07-13 05:06:55,credito
Arlin,Bruckner,7819264039,BANRURAL,Monetaria en Q,Neill,Esser,7964176803,BI,Monetaria en Q,6746,2020-04-02 09:45:33,credito
Hali,Peebles,1909436437,BANRURAL,Ahorro,Neill,Esser,7964176803,BI,Monetaria en $,597,2020-03-22 15:17:31,credito
Nelia,Hathway,1962610551,BI,Monetaria en $,Neill,Esser,7964176803,BI,Monetaria en Q,2366,2020-02-19 23:57:42,credito
Elnore,Foy,6154977174,BAM,Ahorro,Neill,Esser,7964176803,BI,Monetaria en $,3999,2021-01-22 08:58:15,credito
Alfie,Castellaccio,2344960856,BANRURAL,Ahorro,Nelia,Hathway,1962610551,BI,Monetaria en Q,8245,2020-10-11 02:34:37,credito
Ty,Kittow,1976810418,BANRURAL,Ahorro,Nelia,Hathway,1962610551,BI,Monetaria en Q,9166,2020-02-07 09:04:59,credito
Antonetta,Bowler,4380702766,BAM,Monetaria en $,Nelia,Hathway,1962610551,BI,Monetaria en Q,6035,2020-01-13 14:19:07,credito
Paul,Fleming,5878519224,Promerica,Monetaria en $,Nelia,Hathway,1962610551,G&T,Monetaria en Q,8373,2021-02-24 16:20:08,credito
Javier,Theodore,1485345081,BI,Monetaria en $,Nelia,Hathway,1962610551,BI,Monetaria en Q,677,2020-07-18 07:15:04,credito
Collie,Leatherland,3334586502,G&T,Monetaria en Q,Nelia,Hathway,1962610551,BI,Monetaria en Q,4209,2021-01-19 13:43:25,credito
Luelle,Barenskie,8068530312,G&T,Monetaria en Q,Nelia,Hathway,1962610551,BI,Monetaria en Q,4341,2020-01-12 11:30:05,credito
Devin,Sheere,2286509069,BAM,Ahorro,Nelia,Hathway,1962610551,BI,Monetaria en $,5064,2020-02-01 00:55:49,credito
Jeanie,Badman,2320648240,BAM,Ahorro,Nelia,Hathway,1962610551,BI,Monetaria en Q,7622,2020-07-20 23:48:25,credito
Tripp,Ingree,3888897025,BAM,Ahorro,Nelia,Hathway,1962610551,Promerica,Monetaria en $,9280,2020-12-26 04:31:27,credito
Ddene,Tant,2293083373,BANRURAL,Monetaria en $,Nelia,Hathway,1962610551,Promerica,Monetaria en $,3455,2020-07-04 03:02:56,credito
Sax,Stephenson,4640351089,BAM,Ahorro,Nelia,Hathway,1962610551,G&T,Monetaria en Q,3307,2020-08-11 20:39:13,credito
Kizzie,Pettman,6981272008,Promerica,Ahorro,Nelia,Hathway,1962610551,Promerica,Monetaria en $,6445,2021-01-08 13:14:11,credito
Alfie,Castellaccio,2344960856,BAM,Monetaria en Q,Nelia,Hathway,1962610551,Promerica,Monetaria en $,6835,2020-11-01 21:46:25,credito
Arleta,Umbert,1805028979,G&T,Monetaria en Q,Paul,Fleming,5878519224,Promerica,Monetaria en $,6916,2020-12-09 05:33:55,credito
Bobbette,Dutton,930849132,G&T,Monetaria en $,Paul,Fleming,5878519224,Promerica,Monetaria en $,2365,2020-10-31 20:39:21,credito
Collie,Leatherland,3334586502,BI,Monetaria en Q,Paul,Fleming,5878519224,Promerica,Monetaria en $,4426,2020-04-19 14:11:08,credito
Maggee,Shergold,6816494733,BI,Monetaria en Q,Phaidra,Thornthwaite,7422400781,BANRURAL,Monetaria en Q,7847,2021-04-03 07:12:14,credito
Joelynn,De Gregoli,9835876975,BI,Monetaria en Q,Phaidra,Thornthwaite,7422400781,BANRURAL,Monetaria en Q,6469,2020-09-18 22:07:41,credito
Nelia,Hathway,1962610551,BI,Monetaria en $,Phaidra,Thornthwaite,7422400781,BANRURAL,Monetaria en Q,5582,2020-11-28 16:04:37,credito
Phaidra,Thornthwaite,7422400781,BANRURAL,Monetaria en Q,Phaidra,Thornthwaite,7422400781,BAM,Monetaria en Q,2057,2020-02-07 03:20:52,credito
Alfie,Castellaccio,2344960856,G&T,Monetaria en $,Phaidra,Thornthwaite,7422400781,BAM,Monetaria en Q,9995,2020-07-11 10:59:27,credito
Hali,Peebles,1909436437,BANRURAL,Ahorro,Phaidra,Thornthwaite,7422400781,BANRURAL,Monetaria en Q,7402,2020-04-24 22:26:16,credito
Boote,Pina,208181717,BI,Monetaria en Q,Phaidra,Thornthwaite,7422400781,BANRURAL,Monetaria en Q,3104,2020-03-17 20:44:48,credito
Timmi,Hovie,5618537931,BAM,Ahorro,Phaidra,Thornthwaite,7422400781,BANRURAL,Monetaria en Q,4307,2020-03-25 06:22:47,credito
Koressa,Knowler,7737952055,BI,Monetaria en $,Puff,Huerta,4474118367,BANRURAL,Monetaria en Q,6088,2021-03-08 03:08:47,credito
Maressa,Delgadillo,3899636643,BI,Ahorro,Puff,Huerta,4474118367,G&T,Monetaria en Q,8277,2020-04-14 19:07:18,credito
Collie,Leatherland,3334586502,Promerica,Ahorro,Puff,Huerta,4474118367,G&T,Monetaria en Q,6597,2021-04-06 23:23:07,credito
Cully,Matyugin,7652775906,BANRURAL,Monetaria en Q,Raff,Meah,3693967563,G&T,Monetaria en $,8793,2021-01-08 14:57:05,credito
Tripp,Ingree,3888897025,BAM,Ahorro,Raff,Meah,3693967563,BI,Ahorro,6010,2021-02-23 23:55:26,credito
Arleta,Umbert,1805028979,BI,Monetaria en $,Raff,Meah,3693967563,BI,Ahorro,8175,2020-07-19 07:56:05,credito
Hali,Peebles,1909436437,Promerica,Ahorro,Raff,Meah,3693967563,BI,Ahorro,485,2020-04-26 21:17:51,credito
Carmita,Hiscoke,8640571546,BAM,Monetaria en Q,Raff,Meah,3693967563,G&T,Monetaria en $,4256,2021-03-10 01:22:29,credito
Javier,Theodore,1485345081,BI,Monetaria en $,Reinwald,Raphael,3808552263,BI,Monetaria en Q,9089,2021-01-29 02:15:57,credito
Morgun,Coots,6920115220,Promerica,Monetaria en $,Reinwald,Raphael,3808552263,BI,Monetaria en Q,3881,2021-02-17 13:18:06,credito
Vassili,Drowsfield,3345353652,BAM,Monetaria en Q,Reinwald,Raphael,3808552263,BI,Monetaria en Q,8118,2021-02-28 00:29:55,credito
Ike,Nickels,6290621491,BANRURAL,Monetaria en Q,Reinwald,Raphael,3808552263,BI,Monetaria en Q,8127,2020-09-15 09:30:55,credito
Thoma,Kempster,7725887806,Promerica,Monetaria en $,Renard,Pelchat,8373980261,Promerica,Ahorro,170,2020-05-06 21:11:34,credito
Alfie,Castellaccio,2344960856,BANRURAL,Monetaria en $,Renard,Pelchat,8373980261,Promerica,Ahorro,5463,2021-02-09 01:40:34,credito
Ulla,Balloch,3278286464,G&T,Monetaria en $,Renard,Pelchat,8373980261,Promerica,Ahorro,6461,2021-02-18 02:09:09,credito
Ddene,Tant,2293083373,BANRURAL,Monetaria en $,Renard,Pelchat,8373980261,Promerica,Ahorro,242,2021-02-25 18:41:16,credito
Riva,Gaven,2897073799,Promerica,Monetaria en $,Riva,Gaven,2897073799,Promerica,Monetaria en Q,501,2020-06-12 21:47:57,credito
Tina,De Beauchemp,6668839878,BI,Ahorro,Riva,Gaven,2897073799,BAM,Monetaria en Q,7459,2020-01-07 07:13:53,credito
Arlin,Bruckner,7819264039,Promerica,Ahorro,Riva,Gaven,2897073799,Promerica,Monetaria en $,4737,2020-09-01 17:10:49,credito
Devin,Sheere,2286509069,G&T,Monetaria en Q,Riva,Gaven,2897073799,Promerica,Monetaria en $,9936,2020-01-29 15:59:54,credito
Tina,De Beauchemp,6668839878,BI,Ahorro,Riva,Gaven,2897073799,BAM,Monetaria en Q,143,2021-01-19 15:49:50,credito
Riva,Gaven,2897073799,G&T,Monetaria en Q,Riva,Gaven,2897073799,Promerica,Monetaria en Q,2883,2020-03-22 19:58:54,credito
Hieronymus,Penn,3070506224,BANRURAL,Monetaria en $,Riva,Gaven,2897073799,Promerica,Monetaria en $,9607,2020-12-10 18:52:05,credito
Luelle,Barenskie,8068530312,G&T,Monetaria en Q,Riva,Gaven,2897073799,Promerica,Monetaria en $,4548,2020-04-10 10:30:06,credito
Maressa,Delgadillo,3899636643,BI,Ahorro,Riva,Gaven,2897073799,BAM,Monetaria en Q,1901,2021-03-08 08:05:16,credito
Manuel,Gouldstone,2293547442,G&T,Ahorro,Sascha,Kennedy,4464029000,G&T,Monetaria en $,762,2020-09-29 00:21:27,credito
Konstanze,Blood,7873382966,BAM,Monetaria en $,Sascha,Kennedy,4464029000,Promerica,Ahorro,4844,2020-11-21 13:23:19,credito
Colas,Feek,440057779,BI,Monetaria en $,Sascha,Kennedy,4464029000,Promerica,Ahorro,9360,2020-07-31 18:37:34,credito
Esme,Seifenmacher,7341877243,BI,Monetaria en $,Sascha,Kennedy,4464029000,Promerica,Ahorro,6596,2020-03-15 02:49:20,credito
Hali,Peebles,1909436437,BI,Ahorro,Sascha,Kennedy,4464029000,G&T,Monetaria en $,1198,2021-03-19 03:50:43,credito
Arlin,Bruckner,7819264039,BANRURAL,Monetaria en $,Sascha,Kennedy,4464029000,Promerica,Ahorro,6963,2021-02-17 02:14:13,credito
Kizzie,Pettman,6981272008,BI,Ahorro,Sascha,Kennedy,4464029000,Promerica,Ahorro,2491,2020-05-07 09:20:49,credito
Jeanie,Badman,2320648240,BAM,Ahorro,Sax,Stephenson,4640351089,BAM,Ahorro,4092,2020-10-24 19:31:26,credito
Margo,Aspinall,8574878405,BAM,Ahorro,Sax,Stephenson,4640351089,BAM,Ahorro,4613,2020-10-11 17:21:17,credito
Ty,Kittow,1976810418,G&T,Monetaria en $,Sax,Stephenson,4640351089,BAM,Ahorro,1141,2020-04-13 05:35:56,credito
Horatia,Brumpton,1653130695,BAM,Monetaria en $,Sax,Stephenson,4640351089,BAM,Ahorro,4780,2021-03-09 16:28:08,credito
Raff,Meah,3693967563,BI,Ahorro,Sax,Stephenson,4640351089,BAM,Ahorro,8004,2020-08-11 19:25:05,credito
Horatia,Brumpton,1653130695,G&T,Ahorro,Sax,Stephenson,4640351089,BAM,Ahorro,3391,2020-07-22 06:20:07,credito
Sunny,Alvin,6456388384,Promerica,Monetaria en $,Sax,Stephenson,4640351089,BAM,Ahorro,8020,2020-05-04 19:19:21,credito
Joelynn,De Gregoli,9835876975,G&T,Monetaria en Q,Stormy,Mathieu,1952883946,G&T,Monetaria en $,5245,2020-07-29 08:41:49,credito
Cherry,Youtead,6393106875,BANRURAL,Monetaria en Q,Stormy,Mathieu,1952883946,G&T,Monetaria en $,4240,2020-03-04 20:50:09,credito
Morgun,Coots,6920115220,G&T,Monetaria en $,Stormy,Mathieu,1952883946,G&T,Monetaria en $,8588,2020-05-05 01:20:37,credito
Inga,Cromleholme,3179095431,BAM,Ahorro,Sunny,Alvin,6456388384,BAM,Monetaria en $,7836,2020-06-14 15:07:04,credito
Esme,Seifenmacher,7341877243,Promerica,Monetaria en Q,Sunny,Alvin,6456388384,BAM,Monetaria en $,680,2020-07-01 04:14:52,credito
Willie,Brahan,3601075148,Promerica,Monetaria en $,Sunny,Alvin,6456388384,BAM,Monetaria en $,8175,2021-03-11 10:01:24,credito
Puff,Huerta,4474118367,BANRURAL,Monetaria en Q,Sunny,Alvin,6456388384,BAM,Monetaria en $,1094,2020-08-01 20:10:46,credito
Arleta,Umbert,1805028979,BI,Monetaria en $,Sunny,Alvin,6456388384,Promerica,Monetaria en $,6787,2020-11-22 19:50:09,credito
Maressa,Delgadillo,3899636643,BI,Ahorro,Thoma,Kempster,7725887806,BI,Monetaria en $,5120,2020-01-08 05:22:10,credito
Jolie,Tollfree,4105124471,G&T,Monetaria en $,Thoma,Kempster,7725887806,BI,Monetaria en $,4531,2020-11-28 16:16:15,credito
Bobbette,Dutton,930849132,BI,Ahorro,Thoma,Kempster,7725887806,BI,Monetaria en $,2750,2020-03-30 15:47:25,credito
Janith,Metheringham,6172401947,BI,Monetaria en $,Thoma,Kempster,7725887806,BI,Monetaria en $,7301,2020-05-24 18:58:34,credito
Koressa,Knowler,7737952055,Promerica,Ahorro,Thoma,Kempster,7725887806,BI,Monetaria en $,1766,2021-03-19 23:04:52,credito
Devin,Sheere,2286509069,BAM,Ahorro,Thoma,Kempster,7725887806,BI,Monetaria en $,830,2021-01-06 10:12:49,credito
Janith,Metheringham,6172401947,BI,Monetaria en $,Thoma,Kempster,7725887806,Promerica,Monetaria en $,5061,2021-03-10 06:39:54,credito
Gearard,Laye,9158606432,BANRURAL,Monetaria en $,Timmi,Hovie,5618537931,G&T,Ahorro,3581,2020-11-10 18:41:24,credito
Abigale,Crann,1187255777,BI,Ahorro,Timmi,Hovie,5618537931,BAM,Ahorro,769,2020-03-29 22:07:57,credito
Stormy,Mathieu,1952883946,G&T,Monetaria en $,Timmi,Hovie,5618537931,G&T,Ahorro,3526,2020-09-06 07:37:00,credito
Giordano,Rimington,270162925,BANRURAL,Ahorro,Timmi,Hovie,5618537931,BAM,Ahorro,9179,2020-06-19 19:05:58,credito
Esme,Seifenmacher,7341877243,BI,Monetaria en $,Tina,De Beauchemp,6668839878,Promerica,Monetaria en $,8410,2020-02-01 06:09:20,credito
Elnore,Foy,6154977174,BAM,Ahorro,Tina,De Beauchemp,6668839878,Promerica,Monetaria en $,6618,2020-09-23 13:14:24,credito
Phaidra,Thornthwaite,7422400781,BANRURAL,Monetaria en Q,Tina,De Beauchemp,6668839878,BAM,Ahorro,6603,2021-02-03 00:38:54,credito
Chrissy,Fells,1432225464,BI,Monetaria en $,Tina,De Beauchemp,6668839878,BAM,Ahorro,2808,2020-04-14 00:13:16,credito
Koressa,Knowler,7737952055,G&T,Monetaria en $,Tina,De Beauchemp,6668839878,BI,Ahorro,8012,2020-03-24 07:25:49,credito
Luelle,Barenskie,8068530312,G&T,Monetaria en Q,Tina,De Beauchemp,6668839878,Promerica,Monetaria en $,9895,2020-03-24 09:43:19,credito
Cully,Matyugin,7652775906,Promerica,Monetaria en Q,Tina,De Beauchemp,6668839878,BANRURAL,Monetaria en $,6260,2020-06-26 10:42:24,credito
Kizzie,Pettman,6981272008,Promerica,Ahorro,Tina,De Beauchemp,6668839878,BI,Ahorro,2643,2020-10-19 05:40:55,credito
Nelia,Hathway,1962610551,BI,Monetaria en $,Tina,De Beauchemp,6668839878,BAM,Ahorro,6887,2020-01-23 20:06:52,credito
Abigale,Crann,1187255777,BI,Ahorro,Tina,De Beauchemp,6668839878,Promerica,Monetaria en $,9319,2020-07-17 02:35:02,credito
Bobbette,Dutton,930849132,G&T,Monetaria en $,Tina,De Beauchemp,6668839878,BAM,Ahorro,9361,2020-04-14 14:09:49,credito
Hali,Peebles,1909436437,BI,Monetaria en Q,Tina,De Beauchemp,6668839878,BAM,Ahorro,2900,2020-05-18 14:19:52,credito
Arleta,Umbert,1805028979,BI,Monetaria en $,Tina,De Beauchemp,6668839878,Promerica,Monetaria en $,2559,2020-02-01 05:24:28,credito
Tina,De Beauchemp,6668839878,BAM,Ahorro,Tripp,Ingree,3888897025,BAM,Ahorro,3849,2021-02-04 14:56:29,credito
Hieronymus,Penn,3070506224,BANRURAL,Monetaria en $,Tripp,Ingree,3888897025,BAM,Ahorro,5556,2020-07-14 04:16:59,credito
Reinwald,Raphael,3808552263,BI,Monetaria en Q,Tripp,Ingree,3888897025,BAM,Ahorro,3220,2020-08-14 17:32:42,credito
Alfie,Castellaccio,2344960856,BANRURAL,Monetaria en Q,Tripp,Ingree,3888897025,BAM,Ahorro,4761,2020-05-05 12:02:12,credito
Janith,Metheringham,6172401947,BI,Monetaria en $,Tripp,Ingree,3888897025,BAM,Ahorro,4929,2020-05-27 16:06:32,credito
Deni,Tarn,6467582497,Promerica,Monetaria en $,Tripp,Ingree,3888897025,BAM,Ahorro,3518,2021-04-15 11:31:15,credito
Morly,Pundy,1833280679,Promerica,Monetaria en Q,Ty,Kittow,1976810418,G&T,Monetaria en $,9549,2020-12-18 05:54:34,credito
Colas,Feek,440057779,BI,Monetaria en $,Ty,Kittow,1976810418,G&T,Monetaria en $,9129,2020-03-01 00:41:31,credito
Dale,Goslin,4243293546,Promerica,Ahorro,Ty,Kittow,1976810418,BANRURAL,Ahorro,3682,2020-06-07 16:48:20,credito
Renard,Pelchat,8373980261,Promerica,Ahorro,Ty,Kittow,1976810418,BANRURAL,Ahorro,6682,2021-03-18 20:43:34,credito
Devin,Sheere,2286509069,G&T,Monetaria en Q,Ty,Kittow,1976810418,BANRURAL,Ahorro,6600,2021-04-11 08:34:49,credito
Deni,Tarn,6467582497,Promerica,Monetaria en $,Ty,Kittow,1976810418,BANRURAL,Ahorro,4965,2020-09-07 02:57:29,credito
Kit,Tottman,445543914,G&T,Monetaria en $,Ty,Kittow,1976810418,G&T,Monetaria en $,3009,2021-01-24 03:43:08,credito
Jarid,McEniry,7858016997,BANRURAL,Ahorro,Ulla,Balloch,3278286464,G&T,Monetaria en $,139,2020-01-20 19:55:49,credito
Arlin,Bruckner,7819264039,BANRURAL,Monetaria en $,Ulla,Balloch,3278286464,Promerica,Monetaria en Q,3360,2020-01-30 13:02:47,credito
Devin,Sheere,2286509069,G&T,Monetaria en Q,Vassili,Drowsfield,3345353652,G&T,Monetaria en $,3890,2020-08-05 23:25:29,credito
Alexander,Amor,7361225500,Promerica,Ahorro,Vassili,Drowsfield,3345353652,G&T,Monetaria en $,7797,2020-04-06 10:56:41,credito
Sax,Stephenson,4640351089,BAM,Ahorro,Vassili,Drowsfield,3345353652,BAM,Monetaria en Q,7674,2021-03-11 13:38:48,credito
Lauralee,Britnell,8712012858,BI,Monetaria en Q,Vassili,Drowsfield,3345353652,Promerica,Ahorro,8911,2021-01-15 16:53:22,credito
Hali,Peebles,1909436437,BI,Monetaria en Q,Vassili,Drowsfield,3345353652,Promerica,Ahorro,61,2021-03-14 12:27:17,credito
Phaidra,Thornthwaite,7422400781,BAM,Monetaria en Q,Vassili,Drowsfield,3345353652,Promerica,Ahorro,4728,2020-04-19 23:43:11,credito
Nelia,Hathway,1962610551,Promerica,Monetaria en $,Vassili,Drowsfield,3345353652,G&T,Monetaria en $,7938,2020-09-06 05:41:37,credito
Bobbette,Dutton,930849132,BI,Ahorro,Vassili,Drowsfield,3345353652,BAM,Monetaria en Q,2502,2020-01-03 19:52:54,credito
Tina,De Beauchemp,6668839878,Promerica,Monetaria en $,Vonny,Westall,2354138652,G&T,Monetaria en Q,2590,2020-06-10 23:59:46,credito
Bobbette,Dutton,930849132,BI,Ahorro,Vonny,Westall,2354138652,G&T,Monetaria en Q,2266,2021-02-03 15:22:57,credito
Morgun,Coots,6920115220,G&T,Monetaria en $,Vonny,Westall,2354138652,G&T,Ahorro,7207,2020-10-08 04:46:59,credito
Colas,Feek,440057779,G&T,Monetaria en $,Vonny,Westall,2354138652,G&T,Monetaria en Q,9248,2020-12-06 07:59:42,credito
Alfie,Castellaccio,2344960856,BANRURAL,Ahorro,Vonny,Westall,2354138652,G&T,Ahorro,7205,2020-06-18 10:10:05,credito
Arlin,Bruckner,7819264039,Promerica,Monetaria en Q,Vonny,Westall,2354138652,G&T,Ahorro,9375,2020-10-14 21:08:55,credito
Konstanze,Blood,7873382966,BAM,Monetaria en $,Willie,Brahan,3601075148,Promerica,Monetaria en $,4731,2020-08-13 08:36:09,credito
Jolie,Tollfree,4105124471,G&T,Monetaria en $,Willie,Brahan,3601075148,Promerica,Monetaria en $,2295,2020-10-23 03:59:02,credito
Deni,Tarn,6467582497,G&T,Monetaria en $,Willie,Brahan,3601075148,Promerica,Monetaria en $,2936,2020-06-21 05:40:30,credito
Deni,Tarn,6467582497,G&T,Monetaria en $,Willie,Brahan,3601075148,G&T,Monetaria en $,377,2020-09-28 08:49:59,credito
Vassili,Drowsfield,3345353652,BAM,Monetaria en Q,Willie,Brahan,3601075148,Promerica,Monetaria en $,4290,2021-01-05 03:22:41,credito
Colas,Feek,440057779,BAM,Monetaria en $,Willie,Brahan,3601075148,Promerica,Monetaria en $,7634,2020-08-10 05:31:27,credito
Cherry,Youtead,6393106875,BANRURAL,Monetaria en Q,Willie,Brahan,3601075148,Promerica,Monetaria en $,362,2021-02-17 04:48:30,credito
Inga,Cromleholme,3179095431,Promerica,Monetaria en $,Willie,Brahan,3601075148,G&T,Monetaria en $,5593,2020-09-19 22:35:08,credito
Riva,Gaven,2897073799,Promerica,Monetaria en Q,Willie,Brahan,3601075148,G&T,Monetaria en $,9060,2020-02-12 02:21:54,credito
Maressa,Delgadillo,3899636643,BI,Ahorro,Willie,Brahan,3601075148,G&T,Monetaria en $,3369,2020-04-05 21:23:13,credito
Vassili,Drowsfield,3345353652,BAM,Monetaria en Q,Willie,Brahan,3601075148,G&T,Monetaria en $,2118,2020-01-24 11:52:46,credito
Joelynn,De Gregoli,9835876975,G&T,Monetaria en Q,Willy,Geraldo,4650277515,BANRURAL,Monetaria en $,2388,2020-12-22 21:42:13,credito
Carmita,Hiscoke,8640571546,BAM,Monetaria en Q,Willy,Geraldo,4650277515,BANRURAL,Monetaria en $,4392,2020-05-09 15:35:25,credito
Daffy,Marages,2720935689,Promerica,Monetaria en Q,Zack,Stainton - Skinn,5413394497,Promerica,Monetaria en Q,9993,2021-02-16 23:28:41,credito
Willie,Brahan,3601075148,G&T,Monetaria en $,Zack,Stainton - Skinn,5413394497,Promerica,Monetaria en Q,143,2021-02-13 17:52:02,credito
Collie,Leatherland,3334586502,Promerica,Ahorro,Zack,Stainton - Skinn,5413394497,Promerica,Monetaria en Q,8444,2020-12-13 07:30:38,credito
